SCORE,TITLE,BY,URL
182,Take the Money and Run,nkohari,http://nate.io/posts/take-the-money-and-run.html
72,Microsoft Surface Hub,SanderMak,https://www.microsoft.com/microsoft-surface-hub/en-us
73,A Quick Introduction to LXD,tych0,http://blog.scottlowe.org/2015/05/06/quick-intro-lxd/
753,Postgres gets support for upsert,anarazel,http://git.postgresql.org/gitweb/?p=postgresql.git;a=commit;h=168d5805e4c08bed7b95d351bf097cff7c07dd65
51,Every freelancer starts out undervaluing their work,philipmorg,http://kenwestgaard.com/the-gurus-got-5-questions-set-rate/
37,IndieWeb,pandatigox,http://indiewebify.me/
25,Memory Layouts for Binary Search,rcfox,http://cglab.ca/~morin/misc/arraylayout/
50,Finding Closure in Rust,dbaupp,http://huonw.github.io/blog/2015/05/finding-closure-in-rust
66,Jquerymy.js – Purely declarative apps with complex two-way data-binding,fiatjaf,http://jquerymy.com/
83,I have something to hide,pierreozoux,https://ihavesomethingtohi.de/
14,Show HN: How to make your own glowing notification cube,achariam,http://achariam.com/prototyping/
1,Scientist Whisperer at Experiment.com (YC W13),cindywu123,
30,Ask HN: Why did multicopters suddenly take off?,J-dawg,
81,Losing focus: Why tech is getting in the way of work,SimplyUseless,http://www.bbc.co.uk/news/business-32628753
145,Crossing the US in an open-air two-seat aeroplane,smacktoward,http://www.bbc.com/travel/bespoke/story/20150424-a-view-that-puts-window-seats-to-shame/index.html
12,I'd rather Go complain about Rails,alediaferia,http://thread0.me/2015/05/id-rather-go-complain-about-rails/
12,Choosing a License for Mailpile 1.0,HerraBRE,https://www.mailpile.is/blog/2015-05-08_Choosing_a_License.html
83,Escher and the Droste effect – WebGL fragment shader,epsylon,http://birdgames.nl/2014/05/escher-droste-effect-webgl-fragment-shader/
121,Engineering Statistics Handbook,brudgers,http://www.itl.nist.gov/div898/handbook/index.htm
182,The Discovery of Apache ZooKeeper’s Poison Packet,gregone,http://www.pagerduty.com/blog/the-discovery-of-apache-zookeepers-poison-packet/
35,Amazon details drone delivery plans,escapologybb,http://www.bbc.co.uk/news/technology-32653269
6,Tesla Buys a Company in a State Where It’s Barred from Selling Cars,doppp,http://techcrunch.com/2015/05/08/tesla-buys-a-company-in-a-state-where-its-barred-from-selling-cars/
92,Whistleblower accuses cybersecurity company of extorting clients,Osiris,http://money.cnn.com/2015/05/07/technology/tiversa-labmd-ftc/index.html
85,CLisp needs maintainers,ghostDancer,http://article.gmane.org/gmane.lisp.clisp.general/14256
199,Accepting payments is getting harder,jaredtobin,https://medium.com/@folsen/accepting-payments-is-getting-harder-1b2f342e4ea
154,Django Community Survey,jsmeaton,https://www.djangoproject.com/weblog/2015/may/07/community-survey/
6,These Suburban Preppers Are Ready for Anything,sergeant3,http://www.chicagomag.com/Chicago-Magazine/May-2015/Suburban-Survivalists/
35,Born in the ’70s: Jack Ma’s Memo to Alibaba Employees on Management Shuffle,carlchenet,http://blogs.wsj.com/digits/2015/05/07/born-in-the-70s-jack-mas-memo-to-alibaba-employees-on-management-shuffle/?mod=ST1
53,Ring: Free software for distributed and secured communication,martgnz,http://ring.cx/en
52,Researcher says we have Alzheimer's wrong,tokenadult,http://www.pri.org/stories/2015-04-30/do-we-all-have-alzhemers-completely-wrong-man-says-yes
51,ARM Processor – Sowing the Seeds of Success [video],tambourine_man,https://www.youtube.com/watch?v=1jOJl8gRPyQ
1,Kamcord is looking for a Product Manager,vecter,https://jobs.lever.co/kamcord/4516a13c-7be2-4a3c-bc78-ea5e835e8654?lever-source=hackernews
31,Carnac the Magnificent,smcgivern,http://raganwald.com/2015/05/08/carnac-the-magnificent.html
29,Slinky – An easy way to query your PostgreSQL data,econti,https://www.slinkydb.com/
10,Show HN: Promise-aware Angular.js components,BarakChamo,http://barakchamo.github.io/ng-promise-status/
7,Vatican: “Open source is 'only reliable way' to preserve human history”,systemfreund,http://www.theinquirer.net/inquirer/news/2407221/open-source-is-only-reliable-way-to-preserve-human-history-argues-vatican
29,A Brief History of Rocket Launches,nattybumppo,http://nattybumppo.github.io/rocket-launch-history
33,Pirate Captain Kidd's 'treasure' Found in Madagascar,aaron695,http://www.bbc.com/news/world-africa-32621444
79,Optimize Python with closures,jaimebuelta,http://tech.magnetic.com/2015/05/optimize-python-with-closures.html
516,Facebook PathPicker,ben_hall,http://facebook.github.io/PathPicker/
4,210 Zappos employees – 14% of the staff – take buyouts after CEO ultimatum,jhonovich,http://www.businessinsider.com/zappos-employees-take-buyouts-new-self-management-structure-2015-5
4,Cisco to CPaaS Providers: Game On,johntdyer,http://www.nojitter.com/post/240169944/cisco-to-cpaas-providers-game-on
7,Berkeley to Stop Adding Lecture Videos to YouTube Citing Budget Cuts,petethomas,http://chronicle.com/blogs/wiredcampus/berkeley-to-stop-adding-lecture-videos-to-youtube-citing-budget-cuts/56587
466,NASA's Radar Found 4 Men Trapped in Rubble in Nepal by Their Heartbeats,kaa2102,http://gizmodo.com/nasas-radar-found-4-men-trapped-in-rubble-in-nepal-by-t-1702553957
37,The Family That Couldn’t Say Hippopotamus,BIackSwan,http://nautil.us/issue/24/error/the-family-that-couldnt-say-hippopotamus-rp
8,Ask HN: Best courses you took?,nitishmd,
69,The demise of America's once-mighty streetcars,qzervaas,http://www.vox.com/2015/5/7/8562007/streetcar-history-demise
3,Ask HN: Advice choosing a general purpose language for the future?,Swinx43,
137,Weak Homegrown Crypto Dooms Open Smart Grid Protocol,tptacek,https://threatpost.com/weak-homegrown-crypto-dooms-open-smart-grid-protocol/112680
1,OneSignal (YC S11) is hiring an experienced full-stack Rails developer,gdeglin,http://jobs.onesignal.com/apply/gpSzt4/Senior-Full-Stack-Developer.html
4,Safepoints: Strange and Dangerous Behaviour of Code in Tight Loops,danielshaya,http://www.rationaljava.com/2015/05/safepoints-strange-and-dangerous.html
4,Why There's Nothing Wrong with Being an Average Developer,hbradleyf,http://readwrite.com/2015/05/08/average-developer-10x-programmer-myth?utm_content=buffer86304&utm_medium=social&utm_source=twitter.com&utm_campaign=buffer
9,Windows 10 to Be 'Last Version of Windows',velodrome,http://www.forbes.com/sites/antonyleather/2015/05/08/windows-10-to-be-last-version-of-windows/
15,Google PageSpeed Service customers: migrate to CloudFlare for acceleration,jgrahamc,https://blog.cloudflare.com/google-pagespeed-service-customers-migrate-to-cloudflare-for-acceleration/
11,C.H.I.P. Is a Tiny Incredibly Powerful Mini $9 PC That Runs Linux,neverminder,http://news.softpedia.com/news/C-H-I-P-Is-a-Tiny-Incredibly-Powerful-Mini-9-PC-That-Runs-Linux-480562.shtml
274,Mysterious Planes Over Baltimore Spark Surveillance Suspicions,CapitalistCartr,https://www.aclu.org/blog/free-future/mysterious-planes-over-baltimore-spark-surveillance-suspicions
313,Why Lisp?,lisper,http://blog.rongarret.info/2015/05/why-lisp.html
3,Google's Plan to Solve Its Diversity Issue,SunTzu55,http://insights.dice.com/2015/05/08/google-plan-to-solve-its-diversity-issue/
12,Finding Closure in Rust,dbaupp,http://huonw.github.io/blog/2015/05/finding-closure-in-rust/
14,Marvel Developer Portal,jakobbuis,http://developer.marvel.com/?
192,GitHub and Jupyter IPython Notebooks,benn_88,https://github.com/blog/1995-github-jupyter-notebooks-3
210,Join the Engineering Leisure Class,ChrisLoer,https://medium.com/@chrisloer/join-the-engineering-leisure-class-b3083c09a78e
187,Bringing Asm.js to Chakra and Microsoft Edge,leo2urlevan,https://blogs.windows.com/msedgedev/2015/05/07/bringing-asm-js-to-chakra-microsoft-edge/
17,Ask HN: How do I go about learning machine learning?,zach_d,
639,U.S. NSA domestic phone spying program illegal: appeals court,dnewms,http://www.reuters.com/article/2015/05/07/us-usa-security-nsa-idUSKBN0NS1IN20150507
5,India orders piracy blackout of Vimeo Pirate Bay and more,denzil_correa,https://torrentfreak.com/india-orders-piracy-blackout-of-vimeo-pirate-bay-and-more-150508/
134,Things that aren't work,jordanmessina,http://www.aaronkharris.com/things-that-arent-work
3,Nobody wants to foot the bill for new antibiotics,tormeh,http://www.sciencedaily.com/releases/2015/05/150507081950.htm
144,The Earl Grey programming language,breuleux,http://breuleux.github.io/earl-grey/
13,Share buybacks and why they're good for startups,jianshen,http://blog.garrytan.com/share-buybacks-big-cos-say-we-dont-know-what-to-do-with-the-cash-anyway-and-why-its-good-for-startups
91,Flickr redesigns web and mobile apps to create a powerhouse in photo storage,rchandra101,http://www.theverge.com/2015/5/7/8562387/flickr-camera-roll-uploadr-mobile-redesign
8,The rise and rise of open source: Open source has won,rbanffy,http://www.infoworld.com/article/2914643/open-source-software/rise-and-rise-of-open-source.html
13,Snoopers' charter set to return to law in UK,UVB-76,http://www.independent.co.uk/life-style/gadgets-and-tech/news/snoopers-charter-set-to-return-to-law-as-theresa-may-suggests-conservative-majority-could-lead-to-huge-increase-in-surveillance-powers-10235578.html
101,Bit.ly and Viglink Adding Affiliate Cookies on Shortened Links,moe,http://www.thesempost.com/bit-ly-viglink-quietly-adding-their-own-affiliate-cookies-on-shortened-links/
52,Jitsu: Just-In-Time Summoning of Unikernels,gkuan,https://www.usenix.org/conference/nsdi15/technical-sessions/presentation/madhavapeddy
112,Fitbit Files IPO,uptown,http://www.sec.gov/Archives/edgar/data/1447599/000119312515176980/0001193125-15-176980-index.htm
129,The Town That Creep Built,ascertain,http://bldgblog.blogspot.com/2015/04/the-town-that-creep-built.html
1,Blockspring (YC S14) is hiring a lead product designer,hackerews,https://jobs.lever.co/blockspring/6065dd68-93dc-4341-b7a6-5571350a4bdc
388,The Psychology of Pricing: A Gigantic List of Strategies,nkolenda,http://www.nickkolenda.com/psychological-pricing-strategies/
145,Go-bootstrap: Generates a lean and mean Go web project,didip,http://go-bootstrap.io/
48,Show HN: Containerfactory.io – GitHub repo to docker image,Pellepelle3,http://www.containerfactory.io
42,Froskell: Haskell with unlockable features for teaching programming,bontoJR,https://secure.plaimi.net/papers/2015-01-16-froskell-programming-language.html
31,Why people don't use Fedora?,GutenYe,https://plus.google.com/+WorldofGnomeOrg/posts/PuyCtZEp8uP
104,Signal Processing for Everyone (2000) [pdf],primroot,http://www-math.mit.edu/~gs/papers/newsigproc.pdf
7,Stealing a Billion,CapitalistCartr,https://www.schneier.com/blog/archives/2015/05/stealing_a_bill.html
206,Go crypto: bridging the performance gap,jgrahamc,https://blog.cloudflare.com/go-crypto-bridging-the-performance-gap/
109,Harj Taggar Is Building a New Technical Hiring Pipeline with TripleByte,bvrlt,http://techcrunch.com/2015/05/07/triplebyte/
5,Show HN: Finally a table for your online meetings.,Augenblick,https://www.warbench.com
16,World of Warcraft lost three million subscribers in three months,carlchenet,http://uk.businessinsider.com/world-of-warcraft-lost-three-million-subscribers-in-three-months-2015-5
76,Cody Wilson Who Posted Gun Instructions Online Sues State Department,jordanbaucke,http://www.nytimes.com/2015/05/07/us/cody-wilson-who-posted-gun-instructions-online-sues-state-department.html?_r=0
66,VoxieBox Displays 3D Images Just Like R2D2’s Message from Princess Leia,mortenjorck,http://techcrunch.com/2015/05/06/voxiebox-displays-3d-images-just-like-r2d2s-message-from-princess-leia/
50,How Zenefits just lost an engineer,adam_bickford,https://medium.com/@oscargodson/how-zenefits-just-lost-an-engineer-3f09898dbcf9
5,Suddenly Tehran’s Mayor Becomes a Patron of the Arts,georgeglue1,http://www.nytimes.com/2015/05/08/world/middleeast/suddenly-tehrans-mayor-becomes-a-patron-of-the-arts.html
9,S2graph an open-source graph database with a fully asynchronous API,yeonhoyoon,https://github.com/daumkakao/s2graph
5,Show HN: Jitpack.io – GitHub to maven one less step in software publication,zhong-j-yu,http://jitpack.io/
4,Finland builds submarine link to Germany to avoid US Internet spying,Sami_Lehtinen,http://www.telegraph.co.uk/finance/newsbysector/mediatechnologyandtelecoms/telecoms/11581707/Finland-builds-submarine-link-to-Germany-to-avoid-US-internet-spying.html
90,Four Years of Success and Failure on the App Store,clarky07,https://medium.com/@clarky07/4-years-of-success-and-failure-on-the-app-store-195dd35bd6a3
270,Spiders Ingest Nanotubes Then Weave Silk Reinforced with Carbon,lelf,http://www.technologyreview.com/view/537301/spiders-ingest-nanotubes-then-weave-silk-reinforced-with-carbon/
99,Problems with Go Get,chiwawa,http://0x74696d.com/posts/go-get-considered-harmful/
3,Image Scaling Using Deep Convolutional Neural Networks,davidbarker,http://engineering.flipboard.com/2015/05/scaling-convnets
98,The Price of Nice Nails,potench,http://www.nytimes.com/2015/05/10/nyregion/at-nail-salons-in-nyc-manicurists-are-underpaid-and-unprotected.html
15,“Nice Ivy League Degree. Now If You Want a Job Go to Code School”,potbelly83,http://www.bloomberg.com/news/articles/2015-05-07/coding-classes-attract-college-grads-who-want-better-jobs
30,Mapping Scotland's Dramatic Shift in Political Geography,jjar,http://www.bbc.co.uk/news/election-2015-scotland-32621862
52,Ask HN: Where did you meet your significant other?,qalagm,
48,Millennials want a work-life balance,aoro,http://www.washingtonpost.com/local/millennials-want-a-work-life-balance-their-bosses-just-dont-get-why/2015/05/05/1859369e-f376-11e4-84a6-6d7c67c50db0_story.html?wprss=rss_AllWPStoriesandBlogs&tid=sm_fb
7,In Mathematics Mistakes Aren’t What They Used to Be,digital55,http://nautil.us/issue/24/error/in-mathematics-mistakes-arent-what-they-used-to-be
7,Uber Joins the Bidding for Here Nokia’s Digital Mapping Service,coloneltcb,http://www.nytimes.com/2015/05/08/business/uber-joins-the-bidding-for-here-nokias-digital-mapping-service.html?_r=0
103,Google Ends Page Speed Service,robk,https://developers.google.com/speed/pagespeed/service/Deprecation
33,Engineer asks Quora which job offer to take. CEO replies: not ours. (Zenefits),RockyMcNuts,http://qz.com/400027/engineer-asks-quora-which-job-offer-to-take-ceo-replies-not-ours/
38,There Are No Experts in the Web Industry,atom-morgan,http://www.adrianpelletier.com/2015/05/07/there-are-no-experts-in-the-web-industry/
6,Show HN: See profile info when you hover over HN usernames,kaolinite,https://github.com/timdavies/hnprofile
13,Ask HN: I was let go from a company again I'm really depressed,grover_hartmann,
250,Some Practical Thoughts on Suicide,Killah911,http://fourhourworkweek.com/2015/05/06/how-to-commit-suicide/?utm_content=buffer7da00&utm_medium=social&utm_source=twitter.com&utm_campaign=buffer
65,Zenefits CEO publicly rescinds an offer on Quora,orteipid,http://www.quora.com/What-is-the-best-way-to-start-my-career-Uber-or-Zenefits?share=1
64,I am thinking of returning my Apple Watch,ahunzekerhesed,http://words.hunzekerhesed.com/i-am-thinking-of-returning-my-apple-watch
18,Elon Musk: The World’s Raddest Man,laacz,http://waitbutwhy.com/2015/05/elon-musk-the-worlds-raddest-man.html
30,Can We Reduce Bias in Criminal Justice?,alwaysmetara,http://greatergood.berkeley.edu/article/item/can_we_reduce_bias_in_criminal_justice
455,Dissolve My Nobel Prize Fast (2011),anacleto,http://www.npr.org/blogs/krulwich/2011/10/03/140815154/dissolve-my-nobel-prize-fast-a-true-story
40,How the Freightliner Reveal Was Projected onto the Hoover Dam,jaynos,http://www.ct-group.com/na/en/posts/hoover-dam-projection
152,25% of Cars Cause 90% of Automobile Air Pollution,ph0rque,http://ecosalon.com/25-percent-of-cars-cause-90-percent-of-air-pollution-study-finds/
503,I would have hired Doug but...,nicolethenerd,http://liveblog.co/users/davewiner/2015/05/06/iWouldHaveHiredDougBut.html
347,Tmux 2.0 released,byaruhaf,http://sourceforge.net/projects/tmux/files/tmux/tmux-2.0/
101,Yelp Is Exploring a Sale,prostoalex,http://www.wsj.com/article_email/yelp-is-exploring-a-sale-1431018383-lMyQjAxMTA1MDA2NzcwNTc0Wj
5,Facebook Use Polarizing? Site Begs to Differ,digital55,http://www.nytimes.com/2015/05/08/technology/facebook-study-disputes-theory-of-political-polarization-among-users.html?hp&action=click&pgtype=Homepage&module=second-column-region&region=top-news&WT.nav=top-news&_r=0
18,Google recommends not to use end-to-end encryption for GMail. Why?,kricko,https://twitter.com/Tutanota_de/status/596278452732452864
3,Now You Can 3-D Print Your Own Copy of NYC's Illegal Snowden Bust,Errorcod3,http://www.wired.com/2015/05/now-can-3-d-print-copy-nycs-illegal-snowden-bust/
75,How friendship became a tool of the powerful,sergeant3,http://www.theguardian.com/media/2015/may/07/how-friendship-became-tool-of-powerful
20,Keurig’s K-Cup screw-up and how it capitulated,nikomen,http://www.washingtonpost.com/news/morning-mix/wp/2015/05/07/keurigs-k-cup-screw-up-and-how-it-k-pitulated-wednesday-to-angry-consumers/
41,An ancient Ottoman capital surfaces,diodorus,http://www.bbc.com/travel/story/20150416-an-ancient-ottoman-capital-surfaces
118,German intelligence agency halts Internet monitoring for NSA,mattjaynes,http://www.dw.de/german-intelligence-agency-halts-internet-monitoring-for-nsa/a-18435768
17,“Chip.” $9 computer faster/smaller than a Raspberry Pi,zaaaaz,http://makezine.com/2015/05/07/next-thing-co-releases-worlds-first-9-computer/
63,Show HN: CSS Filter Effects,naeemnur,http://www.cssreflex.com/css-generators/filter/
11,Claws Mail leaks plaintext of encrypted emails to IMAP server,petrosagg,https://tails.boum.org/security/claws_mail_leaks_plaintext_to_imap/index.en.html
24,Saying No to Sales,bencevans,http://zachholman.com/posts/saying-no-to-sales/
94,Twitter Needs New Leadership,jkestner,https://stratechery.com/2015/twitter-needs-new-leadership/
1,Genius (YC S11) is hiring for iOS full stack devops and front end,tomlemon,
93,Bitcoin Exchange Receives First License in New York State,verkter,http://www.nytimes.com/2015/05/08/business/dealbook/bitcoin-exchange-receives-first-license-in-new-york-state.html?ref=dealbook
81,The tensor renaissance in data science,datascientist,http://radar.oreilly.com/2015/05/the-tensor-renaissance-in-data-science.html
8,How Forensic Techniques Aid Archaeology,Hooke,http://daily.jstor.org/forensic-archaeology
3,Rogue Russian spacecraft burns up in Earth's atmosphere,bandrami,http://www.bbc.com/news/science-environment-32635037
54,Large-scale cluster management at Google with Borg,mrry,http://blog.acolyer.org/2015/05/07/large-scale-cluster-management-at-google-with-borg/
696,Death of a Programmer Life of a Farmer,coder2222,http://hello-world.io/death-of-a-programmer
79,Robinhood raises $50M,benjlang,http://blog.robinhood.com/news/2015/5/4/onward
39,How I Became U.S. Chief Data Scientist,danso,https://www.whitehouse.gov/blog/2015/05/06/email-dj-patil-how-i-became-chief-data-scientist
33,You've Been Framed. A survey of iframes and the sandbox attribute,stefanorri,http://www.debug.is/2015/04/15/youve-been-framed/
71,Unlearning Helplessness,braythwayt,http://braythwayt.com/2015/01/20/learned-helplessness.html
54,Berlin startup Blacklane serves more cities and airports worldwide than Uber,robinwauters,http://tech.eu/features/4507/blacklane-jens-wohltorf-interview/
17,C.H.I.P. – the super tiny computer that only costs $9,jonbaer,http://mashable.com/2015/05/07/chip-tiny-computer/
3,Ask HN: How does your code get into a repository?,tensorproduct,
8,Why Microsoft is calling Windows 10 'the last version of Windows',parwell,https://www.theverge.com/2015/5/7/8568473/windows-10-last-version-of-windows
4,Losing focus: Why tech is getting in the way of work,T-A,http://www.bbc.com/news/business-32628753
18,Divergence in U.S. Sex Ratios by County 1820–2010,jhnewman,http://lincolnmullen.com/projects/sex-ratios/
17,Surge in US 'brain-reading' patents,InternetGiant,http://www.bbc.com/news/technology-32623063
26,Show HN: App Theta Estimates Competitors' Revenue,andrewljohnson,http://apptheta.com/
3,42 Percent of Tinder Users Aren’t Even Single,carlchenet,http://www.wired.com/2015/05/tinder-users-not-single/
459,PyPy.js: A fast compliant Python implementation for the web,doublextremevil,http://pypyjs.org/
1,NexTravel (YC W15) is hiring full-stack engineers,MrAlexey,https://www.nextravel.com/job/full
18,Can a Smartwatch Help Prevent a Heart Attack?,brandonb,http://ww2.kqed.org/futureofyou/2015/05/06/can-a-smartwatch-help-prevent-a-heart-attack/
13,Rendering iPython Notebooks on GitHub,gandalfar,https://blog.jupyter.org/2015/05/07/rendering-notebooks-on-github/
13,The Story of Orson Welles’ Unfinished Masterpiece,smollett,http://www.vanityfair.com/hollywood/2015/04/orson-welles-the-other-side-of-the-wind-making-of
15,The fintech revolution is well underway,edward,http://www.zopa.com/blog/2015/04/28/the-fintech-revolution-is-well-under-way/?utm_campaign=CA0067-MA0513+Weekly+Lender+05.05.2015&utm_medium=email&utm_source=Zopa+account+updates+and+alerts
14,The Admiral of the String Theory Wars: still thinks string theory is a gory mess,dnetesn,http://nautil.us/issue/24/error/the-admiral-of-the-string-theory-wars
84,NASA Announces Journey to Mars Challenge,T-A,https://www.nasa.gov/press-release/nasa-announces-journey-to-mars-challenge-seeks-public-input-on-establishing-sustained
10,Uber bids $3B for Nokia's Here maps,jonas21,http://www.engadget.com/2015/05/07/uber-nokia-here-bid
23,The nine dollar computer,Stronico,https://www.kickstarter.com/projects/1598272670/chip-the-worlds-first-9-computer
5,Growing Up: io.js needs a foundation,cpeterso,https://medium.com/node-js-javascript/growing-up-27d6cc8b7c53
6,Why “Data Scientist” Is Being Called The Sexiest Job of The 21st Century,ipedrazas,http://enterprise.import.io/post/why-data-scientist-is-being-called-the-sexiest-job-of-the-21st-century/
4,Software development: it’s got nothing to do with computers,otoolep,http://www.philipotoole.com/software-development-got-nothing-computers/
3,The World May Have a Polling Problem,pyb,http://fivethirtyeight.com/liveblogs/uk-general-election-2015/?#livepress-update-12918846
4,Google Ready to Give Android Users More Privacy Controls,srathi,http://www.bloomberg.com/news/articles/2015-05-07/google-said-ready-to-give-android-users-more-privacy-controls
43,Ask HN: What are your hobbies and why are they cool?,daniel-levin,
16,How Satellites Can Monitor California’s Underground Water,onderkalaci,http://www.wired.com/2015/05/groundwater-insar/
4,Onyx: Distributed Computing in Clojure,Volundr,http://onyx-platform.github.io/
3,Konami just accidentally made P.T. the coolest game of all time,smacktoward,http://www.polygon.com/2015/5/7/8564283/opinion-konami-pt-removal-just-made-p-t-one-of-the-greatest-games-of-all-time
4,Ask HN: Is a MS in CS from USC useful in the long term?,futureUnsure,
4,After Nearly Claiming His Life Ebola Lurked in a Doctor’s Eye,bvrlt,http://www.nytimes.com/2015/05/08/health/weeks-after-his-recovery-ebola-lurked-in-a-doctors-eye.html?partner=rss&emc=rss
643,Talking About Money,craigkerstiens,http://www.kalzumeus.com/2015/05/01/talking-about-money/
173,School of Haskell 2.0,irickt,https://www.fpcomplete.com/blog/2015/05/school-of-haskell-2
12,Vincent Van Der Heyde to Richard Feynman July 3 1986 and Richard Feynman Reply,yla92,http://yla.svbtle.com/letter-of-rpf-1
11,Gratipocalypse: Gratipay skipping weekly payment cycle,joe5150,https://medium.com/gratipay-blog/gratipocalypse-42fd0ec0d9e8
10,Ask HN: If web technologies were reinvented what would be done differently?,orbifold,
54,Why you should have a programming blog,tn6o,http://samurails.com/lifestyle/why-you-should-have-a-programming-blog/
484,Ask HN: Who is hiring? (May 2015),_whoishiring,
4,Ask HN: Hiking 48 States in 3 Months for Parkinson's – what would you document?,cstanley,
7,The Vanishing of America’s Historic Mental Asylums,samclemens,http://hyperallergic.com/202978/the-vanishing-of-americas-historic-mental-asylums/
11,New propulsion technology makes satellites more nimble durable,evanb,http://www.bostonglobe.com/business/2015/05/06/propulsion/qPBMebtFyCpWdyngA25MbM/story.html?event=event25
1,Flexport is hiring a senior front-end engineer,thedogeye,https://flexport.com/careers
19,Why click bait articles are so effective,thepinchandzoom,http://www.thepinchandzoom.com/blog/2015/5/2/click-bait
4,Implementing a Virtual Machine in C,aspl,http://blog.felixangell.com/virtual-machine-in-c/
8,Ask HN: Do senior Node.js developers actually exist?,SergeyDruid,
29,Ask HN: Where do you get content?,nemexy,
5,Show HN: Painting to a piano piece in real time,xrxrxrx,http://thepaintmaestro.com/
143,Ask HN: Programmers Above 50 Is It Possible to Have a Career Past Your 50s?,thewarrior,
3,Ask HN: Are designers and creatives giving away too many secrets?,signaler,
6,Why PHP?,pyurkin,
88,Free (as in beer) Dynos,jvanbaarsen,https://blog.heroku.com/archives/2015/5/7/heroku-free-dynos
46,Ask HN: Those making $1000+/month on side projects – what did you make?,tagabek,
9,THRED: A new app from Will Wright,sighlent,http://www.polygon.com/features/2015/5/7/8564891/will-wright-sim-city-the-sims-spore
3,UK general election 2015,pfortuny,http://fivethirtyeight.com/liveblogs/uk-general-election-2015/
12,Mudjam: Create a multi-user dungeon game and share it here,luu,http://itch.io/jam/mudjam
189,The state of Computer Vision and AI: we are really really far (2012),harperlee,http://karpathy.github.io/2012/10/22/state-of-computer-vision/
7,Exposure to Diverse Information on Facebook,Cynddl,https://research.facebook.com/blog/1393382804322065/exposure-to-diverse-information-on-facebook/
14,LastPass installs malware?,jaddison,
67,Ask HN: Getting in front of people,smu,
4,Ancient Star Raises Prospect for Intelligent Life,Thevet,http://phys.org/news/2015-05-ancient-star-prospects-intelligent-life.html
71,Reactive Streams for the JVM hits 1.0.0,rozza,http://www.reactive-streams.org/announce-1.0.0
10,Don’t Count Taps Count Stresses,markmez,https://medium.com/@mark_mez/don-t-count-touches-count-stresses-83953c043ecb
6,io.js 2.0 released,inglor,https://iojs.org/en/index.html
3,Timeline of Emerging Science and Technology: A visual framework [pdf],ggonweb,http://toptrends.nowandnext.com/wp-content/uploads/2014/06/EmergingScienceTech-5.pdf
43,Hands-On Introduction to Spatial Data Analysis in Python,rkda,https://2015.foss4g-na.org/session/hands-introduction-spatial-data-analysis-python
24,Secret’s Founder Should Keep His Ferrari,owens99,http://www.trevorowens.com/secrets-founder-should-have-kept-his-ferrari/
5,Show HN: AllSpark – A PHP Scaffolding/Boilerplate Framework,bitcalc-hn,https://github.com/bitcalc/allspark
17,A Field Guide to Genetic Programming (2008) [pdf],hikz,http://dces.essex.ac.uk/staff/rpoli/gp-field-guide/A_Field_Guide_to_Genetic_Programming.pdf
4,The Architectural Genius of Bjarke Ingels and Thomas Heatherwick,julio_iglesias,http://www.bloomberg.com/news/features/2015-05-07/google-s-new-campus-architects-ingels-heatherwick-s-moon-shot
5,In Defence of WordPress,Mojah,https://ma.ttias.be/in-defence-of-wordpress/
1,Chariot (YC W15) Is Hiring Mid/Senior Python Engineers and Front-End Full-Stack,romaindivuolo,https://angel.co/chariot/jobs
44,Why Hasn’t the World Been Destroyed in a Nuclear War Yet?,sasvari,http://nautil.us/blog/why-hasnt-the-world-been-destroyed-in-a-nuclear-war-yet
4,After 3+ Years Federal Judge Rules FaceCash Is Exempt from the CA MTA [pdf],thinkcomp,http://www.plainsite.org/dockets/download.html?id=212247506&z=0c809b70
3,Show HN: Revisions 2.0 Mac menu bar app to view Dropbox edits revert if needed,phoyer,https://revisionsapp.com
4,Show HN: GitHub Party!,tvvocold,https://github.party
145,The Single Founder Handbook,3stripe,http://www.singlefounderhandbook.com/
5,I walked away from a great-looking life at age 35 to discover who I really am,smalera,http://qz.com/399282/i-walked-away-from-a-great-looking-life-at-age-35-to-discover-who-i-really-am/
31,Shotspotter CEO Answers Questions on Gunshot Detectors in Cities,CapitalistCartr,https://www.aclu.org/blog/free-future/shotspotter-ceo-answers-questions-gunshot-detectors-cities
4,Go Goodies for Swift. Including goroutines channels defer and panic,raingrove,https://github.com/tidwall/goswift
141,Ask HN: What newsletters do you read every day or week?,shovel,
36,Ask HN: I'm considering trying a 4-day work week. How has it worked out for you?,stevesearer,
37,A command-line weather app built using Elixir,tacticiankerala,https://github.com/tacticiankerala/elixir-weather
3,Matthew Flannery co-founder of Kiva.org Announces Branch.co,gwintrob,https://medium.com/@matthewflannery/in-2005-working-with-entrepreneurs-in-uganda-i-co-founded-kiva-for-ten-years-i-was-the-ceo-b733afc53e6
3,Ask HN: How many startups fail because of code base issues?,TheM00se,
4,Why Self-Help Books Don’t Work…and What Does,gw666,http://greggwilliams.co/why-self-help-books-dont-work-and-what-does/
11,Exherbo: The first Linux distro with native cross-compiling package management,Somasis,http://exherbo.org/docs/multiarch-pr.html
45,Ask HN: Google/FB engineers Do you like Mercurial?,gitdude,
4,Show HN: A microblog hosted in DNS TXT records,erikano,
9,Introduction to Support Vector Machines,rrtwo,https://beta.oreilly.com/learning/intro-to-svm
8,How we have implemented and tested our isomorphic JavaScript API Client,jlemoine,https://blog.algolia.com/modern-javascript-libraries-the-isomorphic-way
47,Interview with Audrey Tang part 1,audreyt,http://perlhist.com/perl6/audrey-tang-1
9,AdWords finally prohibits free software “download site” parasites,benologist,
7,Slot machines perfected addictive gaming. Now tech wants their tricks,aaronbrethorst,http://www.theverge.com/2015/5/6/8544303/casino-slot-machine-gambling-addiction-psychology-mobile-games
4,Microservices is to Infrastructure what SOA is to Applications,ElasticBox_,https://elasticbox.com/blog/microservice-deployments/
5,Show HN: Tech.eu Radar an online database for all things European tech,robinwauters,http://radar.tech.eu/
13,Best practices for building large React applications,lopatin,http://blog.siftscience.com/blog/2015/best-practices-for-building-large-react-applications
6,Nikola Labs – iPhone6 Case Harvests Electricity from the Air,code_devil,http://techcrunch.com/2015/05/04/nikola-labs-launches-iphone-6-case-which-harvests-electricity-from-the-air/
31,The Dawn of AI: How to ensure the promise outweighs the perils,martincmartin,http://www.economist.com/news/leaders/21650543-powerful-computers-will-reshape-humanitys-future-how-ensure-promise-outweighs
3,I'm an Imposter,ChrisGaudreau,http://davidwalsh.name/imposter-syndrome
120,Let’s all laugh at my horrible 2006 post: “YouTube is not a real business”,doppp,http://calacanis.com/2015/04/30/lets-all-laugh-at-my-horrible-2006-post-youtube-is-not-a-real-business/
17,Design Details: Carousel by Dropbox,jonphillips06,http://blog.brianlovin.com/design-details-carousel-by-dropbox/
5,Modern JavaScript libraries: the isomorphic way – Algolia blog,Shipow,https://blog.algolia.com/modern-javascript-libraries-the-isomorphic-way/
5,Why is `1000000000000000 in range(1000000000000001)` so fast?,882542F3884314B,http://stackoverflow.com/questions/30081275/why-is-1000000000000000-in-range1000000000000001-so-fast
10,Windows 95 in your browser,fcambus,http://win95.ajf.me
15,Image Scaling Using Deep Convolutional Neural Networks,nrmn,http://engineering.flipboard.com/2015/05/scaling-convnets/
3,A Strangely Funny Russian Genius,samclemens,http://www.nybooks.com/articles/archives/2015/may/07/daniil-kharms-strangely-funny-russian-genius/
8,Learn to stop using shiny new things and love MySQL,brianchu,http://engineering.pinterest.com/post/116038532184/learn-to-stop-using-shiny-new-things-and-love
5,The Future of the Open Web,robin_reala,http://www.broken-links.com/2015/04/28/the-future-of-the-open-web/?utm_source=feedburner&utm_medium=feed&utm_campaign=Feed%3A+PeterGasstonsGeekBlog+%28Broken+Links%29
70,New Dyno Types and Pricing Public Beta,theuri,https://blog.heroku.com/archives/2015/5/7/new-dyno-types-public-beta
138,Errors are values,davecheney,http://blog.golang.org/errors-are-values
5,JitPack – Just-In-time Packager – Build GitHub Repos On-Demand,priteshjain,https://jitpack.io/
16,FanWing,lelf,http://www.fanwing.com/
3,Übersicht – JS/CSS desktop widgets for OS X,ics,http://tracesof.net/uebersicht/
58,List of Free Programming Books,gs7,http://resrc.io/list/10/list-of-free-programming-books/
6,Opal,Skoofoo,http://mike.filespanker.com/post/80464613230/opal
5,Json-server: API mocking based on plain JSON,shawndumas,https://github.com/typicode/json-server
24,NASA announces results from Gravity Probe B,anigbrowl,http://science.nasa.gov/science-news/science-at-nasa/2011/04may_epic/
5,Pointer Pointer,taytus,http://www.pointerpointer.com/
120,Just in case anyone is still using YouTube for music,noaharc,http://grooveshark.com/
32,Animated Gifs in Your Log Output,toolmantim,https://buildkite.com/blog/animated-gifs-in-your-log-output
9,(2012) Why I Hate Python,PauloManrique,https://semitwist.com/articles/article/view/why-i-hate-python-or-any-dynamic-language-really
12,Go-bootstrap: Generates a lean and mean Go web project,panagios,https://github.com/go-bootstrap/go-bootstrap
27,David Cameron Wins a Slim Majority in UK General Election,jjar,http://www.bbc.co.uk/news/election/2015/results
5,Why Google’s Hometown Said “No” to a Massive New Googleplex,x43b,http://www.slate.com/blogs/future_tense/2015/05/07/why_mountain_view_said_no_to_a_new_googleplex_and_yes_to_linkedin.html
3,The Little MAC Attack,clarkm,http://dankaminsky.com/2015/05/07/the-little-mac-attack/
3,Surveying the effects of California’s drought on agricultural sector from above,bvrlt,http://www.washingtonpost.com/news/in-sight/wp/2015/05/07/aerial-view-surveying-the-effects-of-californias-severe-drought-on-agricultural-sector-from-above/?hpid=z9
33,Stunning Photographs of Fractals in Nature,findaway,http://timewheel.net/Image-25-Stunning-Photographs-Of-Sacred-Geometry-And-Fractals-In
3,The Secret Sauce of Silicon Valley,prostoalex,https://medium.com/observations-and-thoughts/the-secret-sauce-of-silicon-valley-d152f6dc2dcf
24,Ask HN: Programmers how do you handle Copyright and IP in your contracts?,pbowyer,
5,Android could finally be getting back à la carte app permissions – Pocketnow,bvrlt,http://pocketnow.com/2015/05/07/android-app-permissions
100,Why Ken Jennings’s ‘Jeopardy’ Streak Is Nearly Impossible to Break,mblevin,http://fivethirtyeight.com/features/ken-jenningss-jeopardy-streak-is-safe-for-the-rest-of-time/
3,What’s It Like to Fight in 15th Century Armor?: A Surprising Demonstration,danvideo,http://www.openculture.com/2015/05/whats-it-like-to-fight-in-15th-century-armor.html
147,Neural network chip built using memristors,Grognak,http://arstechnica.com/science/2015/05/neural-network-chip-built-using-memristors/
7,GitHub Security,wolfeidau,http://www.wolfe.id.au/2015/05/06/github-security/
5,Imagine this insanely fast drone hunting you down,kposehn,http://www.theverge.com/2015/5/7/8565049/insanely-fast-drone-qudcopter-quadmovr-warthox
220,I was an undercover Uber driver,robdimarco,http://citypaper.net/uberdriver/
5,Aaron Swartz – Persecuted little guy or powerful revolutionary?,evolve2k,http://aeon.co/magazine/technology/who-and-what-was-aaron-swartz/
5,Rise of the machines,pliny,http://www.economist.com/news/briefing/21650526-artificial-intelligence-scares-peopleexcessively-so-rise-machines
8,PowerShell DSC for Linux is now available,useerup,http://blogs.msdn.com/b/powershell/archive/2015/05/06/powershell-dsc-for-linux-is-now-available.aspx
116,Radium – The Music Editor,buovjaga,http://users.notam02.no/~kjetism/radium/
93,AMD's next-gen Zen CPU heading to desktops servers in 2016,geoffgasior,http://techreport.com/review/28228/amd-zen-chips-headed-to-desktops-servers-in-2016
9,Court Rules NSA Bulk Data Collection Was Never Authorized by Congress,Errorcod3,http://www.wired.com/2015/05/breaking-news-federal-court-rules-nsa-bulk-data-collection-illegal/
4,Lessons Entrepreneurs Can Learn from Moneyball,sg_gabriel,http://blog.saleswhale.io/five-brilliant-lessons-entrepreneurs-can-learn-from-moneyball/
381,Racking Mac Pros,zacman85,http://photos.imgix.com/racking-mac-pros
1,Watsi is hiring a full-stack engineer,chaseadam17,http://blog.watsi.org/post/83439441964/watsi-is-hiring-a-full-stack-engineer
3,Mozilla’s Mitchell Baker offers alternatives to zero-rating like Internet.org,bugsmasher,http://www.medianama.com/2015/05/223-mozillas-mitchell-baker-offers-alternatives-to-zero-rating-for-internet-services/
5,High-Res Moon Photo by a Self-Taught Astrophotographer,stared,http://petapixel.com/2015/05/04/this-high-res-moon-photo-was-made-by-a-self-taught-astrophotographer/
296,Leaving Stripe,geetarista,https://blog.gregbrockman.com/leaving-stripe
87,Miles per Gallon,ColinWright,http://www.solipsys.co.uk/new/MilesPerGallon.html?HN_20150507
18,A Mac developer asked people to guess how much money he made from it,Enindu,http://www.businessinsider.com/how-much-do-app-developers-make-2015-5?utm_source=mobilesrepublic&utm_medium=referral&utm_term=mobilesrepublic
74,Meerkat Founder on Getting the Kill Call from Twitter,carlchenet,http://techcrunch.com/2015/05/06/meerkat-founder-on-getting-the-kill-call-from-twitter/
4,My Year with Soylent,Nogwater,https://medium.com/@meekthegeek/my-year-with-soylent-c5af97bcf76d
5,Free E-Book: How Startups Can Win More Deals Using Inside Sales,ttamason,
5,Keurig stock drops 10 percent says it was wrong about DRM coffee pods,lando2319,http://arstechnica.com/business/2015/05/keurig-stock-drops-10-percent-says-it-was-wrong-about-drm-coffee-pods/
11,Bocko – simple low resolution graphics with Clojure,michaelsbradley,https://github.com/mfikes/bocko
3,Exposure to Diverse Information on Facebook,ldayley,http://newsroom.fb.com/news/2015/05/news-feed-fyi-exposure-to-diverse-information-on-facebook/
10,ATOM: 1 Year Open Source,antouank,http://blog.atom.io/2015/05/06/one-year-open-source.html
18,EFF Joins New Global Campaign to Save the Link,DiabloD3,https://www.eff.org/deeplinks/2015/05/eff-joins-new-global-campaign-save-link
10,Why Cops Like Me Are Quiet,rbcgerard,http://www.buzzfeed.com/dreamworks/why-cops-like-me-stay-quiet-about-police-brutality
16,Police filmed beating man after bike stop in Mission San Francisco,ccvannorman,http://ww2.kqed.org/news/2015/04/04/controversial-police-incident-in-the-mission-caught-on-video
3,Step-By-Step Clustering John the Ripper on Kali,countuponsec,http://countuponsecurity.com/2015/05/07/step-by-step-clustering-john-the-ripper-on-kali/
164,Bill C-51 passes in House of Commons,alfredxing,http://www.cbc.ca/news/politics/bill-c-51-passes-in-house-of-commons-1.3064235
5,CA supreme court rules pharma company patent agreement violates antitrust law [pdf],kneisley,http://www.courts.ca.gov/opinions/documents/S198616.PDF
255,Announcing Google Cloud Bigtable,suprgeek,http://googlecloudplatform.blogspot.com/2015/05/introducing-Google-Cloud-Bigtable.html
19,Ask HN: CTO with no experience how do I make my first technical hire?,questifer,
5,Price Elasticity and the iPhone's Impact on Air Freight Markets,thedogeye,http://learn.flexport.com/price-elasticity-and-the-iphones-impact-on-air-freight-prices/
198,MIT alumni in their 50s,zootar,http://blogs.law.harvard.edu/philg/2015/04/
7,What's the best way to make a city greener?,privong,http://www.theguardian.com/cities/2015/may/06/dangers-ecogentrification-best-way-make-city-greener
1,PiinPoint (YC W14) Is Hiring a Statistician in Waterloo Canada,AdamTSaunders,https://piinpoint.com/index/careers#posting2
9,Elon Musk Climate Hero?,mostafah,http://www.newyorker.com/news/news-desk/elon-musk-climate-hero
8,LA cops need not disclose license plate reader data says appeals court,Errorcod3,http://arstechnica.com/tech-policy/2015/05/la-cops-need-not-disclose-license-plate-reader-data-says-appeals-court/?utm_source=feedburner&utm_medium=feed&utm_campaign=Feed%3A+arstechnica%2Findex+%28Ars+Technica+-+All+content%29
111,Why functional programming matters (1990) [pdf],znt,http://www.cs.kent.ac.uk/people/staff/dat/miranda/whyfp90.pdf
14,Lessons Learned in 6 Months of Marketing Experimentation,caser,http://www.hackerparadise.org/blog/2015/05/06/marketing-lessons-learned/
8,ZeroScript,tylertreat,https://github.com/hintjens/zs
24,SpaceX – Pad abort test successful,outworlder,http://livestream.com/spacex/events/4027110?origin=stream_live&mixpanel_id=a3817fd678e79-0f41afd19-43681f0a-2ee000-a3817fd679f25&acc_id=6329104&medium=email
4,How to make two binaries with the same MD5 hash,signa11,http://natmchugh.blogspot.com/2015/05/how-to-make-two-binaries-with-same-md5.html
6,No Stack Startups,gwintrob,http://blog.aweissman.com/2015/05/no-stack-startups.html
3,Economists: H-1B visas suppress wages,HarryHirsch,http://sciencecareers.sciencemag.org/career_magazine/previous_issues/articles/2015_05_05/caredit.a1500116
504,The programming talent myth,corbet,http://lwn.net/SubscriberLink/641779/474137b50693725a/
6,Mozilla View on Zero Rating,fabrice_d,https://blog.mozilla.org/netpolicy/2015/05/05/mozilla-view-on-zero-rating/
4,Show HN: A video version of Show HN,tomjacobs,http://glitchclub.com/?glitchy
4,Freightliner Unveils First Autonomous Truck Licensed to Drive Itself on Highways,mariusz79,http://spectrum.ieee.org/cars-that-think/transportation/self-driving/freightliner-unveils-first-autonomous-semitruck-licensed-to-drive-itself-on-highways
14,Thousands of rogue restaurant websites diverting customers to OrderAhead,drc1912,http://www.geekwire.com/2015/exclusive-thousands-of-rogue-restaurant-websites-diverting-customers-to-orderahead-deliveries/
65,Unnecessary medical care is harming patients physically and financially,goodJobWalrus,http://www.newyorker.com/magazine/2015/05/11/overkill-atul-gawande
4,Tesla's Powerwall Battery Is Already Sold Out Until Mid-2016,bvrlt,http://thenextweb.com/gadgets/2015/05/07/powerwall-is-sold-out/?utm_source=feedburner&utm_medium=feed&utm_campaign=Feed%3A+TheNextWeb+%28The+Next+Web+All+Stories%29
33,Discoveryd Clusterfuck,aaronbrethorst,http://furbo.org/2015/05/05/discoveryd-clusterfuck/
680,Docker without Docker,deepakprakash,https://chimeracoder.github.io/docker-without-docker/#1
6,AWS to Google Cloud Platform Service Mapping,gw5815,https://gregsramblings.com/2015/05/07/aws-to-gcp-mapping/
3,These Sleeping Pods Are Designed to Let You Live at Work,blacktulip,http://www.fastcoexist.com/3045715/these-sleeping-pods-are-designed-to-let-you-live-at-work-which-is-just-what-you-want-right#1
5,MongoDB and RocksDB: Writing So Fast It Makes Your Head Spin,canadi,http://blog.parse.com/learn/engineering/mongodb-rocksdb-writing-so-fast-it-makes-your-head-spin/
17,How I Became U.S. Chief Data Scientist,denzil_correa,https://medium.com/@WhiteHouse/how-i-became-chief-data-scientist-93ff698a7188
3,Fitbit files for $100M IPO,hodgesmr,http://www.theverge.com/2015/5/7/8569017/fitbit-ipo-fit-profit
13,The real reason young people are the poorest generation in 25 years,saadmalik01,http://www.dailydot.com/opinion/millennial-parents-poverty-internet-scapegoat/
8,Ask HN: Do you take Ritalin or Adderall?,hikz,
99,Grepping logs is still terrible,madhouse,http://asylum.madhouse-project.org/blog/2015/05/07/grepping-logs-is-still-terrible/
4,Ask HN: Distributed transactions from mobile app to web server,tobinharris,
10,Emojineering Part 2: Implementing Hashtag Emoji,cosbynator,http://instagram-engineering.tumblr.com/post/118304328152/emojineering-part-2-implementing-hashtag-emoji
67,Can Algorithms Form Price-Fixing Cartels?,jonbaer,http://www.newyorker.com/business/currency/when-bots-collude
8,Ask HN: Mental fatgue after a long day what do you do to sharpen your brain?,thenobsta,
11,Keurig Green Mountain gets roasted. Stock drops 10%,jhack,http://money.cnn.com/2015/05/06/investing/keurig-green-mountain-earnings-stock-fall/index.html
4,Huge improvements to Flickr's search and automatic uploads,spaetzel,http://blog.flickr.net/en/2015/05/07/flickr-camera-roll/
8,Introducing Essential Slick,d6y,http://underscore.io/blog/posts/2015/05/06/essential-slick.html
5,How to deal with startup competition,nealogrady,https://medium.com/@Shapiro/how-to-deal-with-startup-competition-dd61899cade2?post=193531083
3,How to Run Visual Studio Code from Terminal on Mac OS X,1kevgriff,http://kevgriffin.com/how-to-run-visual-studio-code-from-terminal-on-mac-osx/
4,Yelp exploring sale,alexlitov,http://finance.yahoo.com/news/consumer-review-website-operator-yelp-171540635.html
6,How to Monetize an Open Source Project – Piwik,mauserng,http://rocketship.fm/episodes/ep-128-maciej-zawadzinski/
5,Using Slack for #engineering-team-group-therapy,annamarie,https://www.hakkalabs.co/articles/using-slack-engineering-team-group-therapy
30,Newly discovered Lokiarchaeota shows how multicellular life could evolve,tokenadult,http://www.washingtonpost.com/news/speaking-of-science/wp/2015/05/06/newly-discovered-missing-link-called-loki-ties-us-to-our-single-celled-ancestors/
11,The Decision to Embrace Revenue Transparency at Hubstaff,madhavcp,http://blog.hubstaff.com/embracing-revenue-transparency-hubstaff/
3,Denmark proposes cash-free shops to cut retail costs,denzil_correa,http://www.reuters.com/article/2015/05/06/denmark-cash-idUSL5N0XX2ZQ20150506
89,What Two Programmers Have Revealed About Seattle Police Officers,aaronbrethorst,http://www.thestranger.com/news/feature/2015/05/06/22172178/what-two-programmers-have-revealed-so-far-about-seattle-police-officers-who-are-still-in-uniform
303,First Look at the Rift Shipping Q1 2016,z3phyr,https://www.oculus.com/blog/first-look-at-the-rift-shipping-q1-2016/
54,Ask HN: Who wants to practice coding interviews together?,Kortaggio,
135,Negative Interest Rates May Spark Existential Crisis for Cash,prostoalex,http://www.bloomberg.com/news/articles/2015-04-23/negative-interest-rates-may-spark-existential-crisis-for-cash
10,The Never-Ending Fridge: Build Your Own Limitless Micro Kitchen and More,alexkiwi,https://medium.com/envoy-blog/the-never-ending-fridge-build-your-own-limitless-micro-kitchen-more-a2276c71a76
23,Ask HN: Why am I having a hard time finding a new job?,taurenk,
39,Understanding Docker Security and Best Practices,adamveld12,https://blog.docker.com/2015/05/understanding-docker-security-and-best-practices/
88,Applebot the web crawler for Apple,killwhitey,https://support.apple.com/en-us/HT204683
42,Freightliner Inspiration Truck Unveiled at Hoover Dam,tpatke,http://www.freightlinerinspiration.com/newsroom/press/inspiration-truck-unveiled/
3,Twitter blocks promoted tweets by notorious white supremacist,aestetix,http://www.theguardian.com/technology/2015/may/07/twitter-blocks-promoted-tweets-white-supremacist-weev-auernheimer
3,Tesla to unveil the Model 3 in March 2016,anderzole,http://bgr.com/2015/05/07/tesla-model-3-release-date-revealed/
77,What Hollywood Can Teach Us About the Future of Work,Chinjut,http://www.nytimes.com/2015/05/10/magazine/what-hollywood-can-teach-us-about-the-future-of-work.html
5,JDK 9 REPL: Getting Started,alphabetam,http://blog.arungupta.me/jdk9-repl-getting-started/
170,Tarsnap performance issues in late March most of April,pndmnm,http://mail.tarsnap.com/tarsnap-announce/msg00031.html
53,Redacted for Mac Launch [#8 in App Store off just 59 sales],wahnfrieden,http://blog.soff.es/redacted-for-mac-launch/
7,Show HN: Getting Started with C# DotNet and Nancy (OS X / Mono),j_mcnally,http://getting-started.md/guides/4-dotnet-nancy
9,Ask HN: Why hire junior developers?,kiloreux,
400,Test drive of a petrol car,caio1982,http://teslaclubsweden.se/test-drive-of-a-petrol-car
7,Ask HN: Favorite paid e-mail hosting service,graffitici,
7,Ask: Ghost or Wordpress?,garg_govind,
16,Show HN: The Lazy Analyst's Guide to Faster SQL,jonbishop,https://www.periscope.io/optimizing-sql
306,Ask HN: Should I unplug my laptop charger at 100%?,zatkin,
213,Open Sourcing Visual Studio’s GDB/LLDB Debug Engine,Olivier26,http://blogs.msdn.com/b/vcblog/archive/2015/04/29/open-sourcing-visual-studio-s-gdb-lldb-debug-engine.aspx
9,Show HN: Readdu – the last RSS / Feed reader you'll ever use,krychu,https://readdu.com/
11,Ask HN: What do you think while developing?,gonification,
128,OpenBSD 5.7 Released,fcambus,http://marc.info/?l=openbsd-misc&m=143043178115828
33,DOJ looking at Apple as it is pushes record labels to ditch free Spotify streams,jfuhrman,http://www.theverge.com/2015/5/4/8540935/apple-labels-spotify-streaming
209,The People Who Risk Jail to Maintain the Tor Network,Errorcod3,http://motherboard.vice.com/read/the-operators
7,Show HN: Fabrik – Portfolio builder for creatives,Magnasoma,https://getfabrik.com/
59,Work at a YC Startup v2,t-3-k,http://blog.ycombinator.com/work-at-a-yc-startup-v2
11,Ask HN: What project management tool do you love?,anjneymidha,
9,Ask HN: I am QA How do I learn to code?,ankitgarg43,
4,Mark Cuban on ReplyAll,arigold123,http://abovethelaw.com/2015/05/a-conversation-with-mark-cuban/
7,Uber Leaving Kansas,mwcampbell,http://blog.uber.com/leavingks
5,Ask HN: Any startup interested in a junior intern?,LeDruid,
42,Spherical Trigonometry Circle Packing and Lead Generation – A Journey,shayanjm,http://blog.ablelending.com/post/117268294258/spherical-trigonometry-circle-packing-and-lead
4,Ask HN: Which laptop you recommend for web development?,ytzvan,
27,Ask HN: Any advice from developers who started their careers later in life?,J-dawg,
140,The internet’s own boy: the story of Aaron Swartz [video],Libertatea,http://aeon.co/video/technology/the-internets-own-boy-the-story-of-aaron-swartz/?utm_source=feedburner&utm_medium=feed&utm_campaign=Feed%3A+AeonMagazineEssays+%28Aeon+Magazine+Essays%29
29,One Doctor’s Quest to Save the World With Data,graeham,http://www.wired.com/2015/04/epic-measures
29,What We Learned from Sponsoring an Open-Source Developer for a Year,rekoros,https://medium.com/@abs/what-we-learned-from-sponsoring-an-open-source-developer-for-a-year-4438568a1cfd
50,Carnival Cash: The Cult of Seniority,nkurz,http://www.daedtech.com/carnival-cash-the-cult-of-seniority
47,Ask HN: What's your experience with the new macbook?,nyddle,
30,Slack's $2.8 Billion Dollar Secret Sauce,metalab,https://medium.com/@awilkinson/slack-s-2-8-billion-dollar-secret-sauce-5c5ec7117908
15,What are your favorite movies of all time?,nphyte,
4,The Boat,ghosh,http://www.sbs.com.au/theboat/
9,Shopify SEC Filing,karangoeluw,http://www.sec.gov/Archives/edgar/data/1594805/000119312515129273/d863202df1.htm
167,Board Members,bhaumik,http://blog.samaltman.com/board-members
26,Marvel Developer Portal,duck,http://developer.marvel.com/
10,Why I hope the search for extraterrestrial life finds nothing (2008) [pdf],csense,http://www.nickbostrom.com/extraterrestrial.pdf
6,Programming Sucks,jacquesm,http://www.stilldrinking.org/programming-sucks
14,CS50 Guest Lecture by Mark Zuckerberg [2005],whbk,https://www.youtube.com/watch?v=xFFs9UgOAlE
4,All you need is call/cc ,saurabh,http://www.pvk.ca/Blog/2013/09/19/all-you-need-is-call-slash-cc/
4,Beware subclassing Ruby core classes,robermiranda,http://words.steveklabnik.com/beware-subclassing-ruby-core-classes
3,NASA Announces Results of Epic Space-Time Experiment (2011),001sky,http://science.nasa.gov/science-news/science-at-nasa/2011/04may_epic/
4,Why UPSERT is so complicated,vog,http://www.depesz.com/2012/06/10/why-is-upsert-so-complicated/
262,Please tell us what features you'd like in news.ycombinator,pg,
24,Capitalism and Slavery,benbreen,http://www.thenation.com/blog/206025/capitalism-and-slavery
6,Ask HN: I am quiting HN its rigged,yuashizuki,
7,8 cool Android libraries to speed up your development,Sandvand,http://www.schibsted.pl/2015/05/cool-android-libraries-to-speed-up-your-development/
13,Ask HN: Can you help us beta test our HN client?,allending,
137,The dangers of resetting everything at once,luu,http://rachelbythebay.com/w/2015/05/02/lockstep/
3,Show HN: Jammin - Turn Node modules into APIs require() over HTTP,bbrennan,https://github.com/lucybot/jammin/blob/master/README.md
64,Microsoft Is Said to Evaluate Possible Bid for Salesforce.com,coloneltcb,http://www.bloomberg.com/news/articles/2015-05-05/microsoft-is-said-to-evaluate-possible-bid-for-salesforce-com
13,Ask HN: When to tell potential employers me and my wife are expecting a baby?,throwawaybaby,
42,Show HN: Talking Code – Technical podcast for nontechnical people,joshdotsmith,http://www.talkingcode.com
135,Show HN: kiUi – Lightweight auto-layout stylable UI toolkit,hugoamnov,http://novembermonk.github.io/kiui/article.html
70,Show HN: 4m-accuracy Indoor Location with Beacons,jimiasty,http://blog.estimote.com/post/118294444205/super-simple-and-accurate-indoor-positioning-with
78,Cheap Centimeter-Precision GPS for Cars Drones Virtual Reality,jonbaer,http://spectrum.ieee.org/tech-talk/transportation/self-driving/cheap-centimeterprecision-gps-for-cars-and-drones
3,You're Probably Storing Passwords Incorrectly (2007),merusame,http://blog.codinghorror.com/youre-probably-storing-passwords-incorrectly/
60,How Airbnb Rewrote Its Recruiting Playbook,GCA10,http://www.forbes.com/sites/georgeanders/2015/05/06/airbnbs-5-star-recruiting-twist-the-competitive-power-of-nice/
225,Weave is kinda slow,lclarkmichalek,http://www.generictestdomain.net/docker/weave/networking/stupidity/2015/04/05/weave-is-kinda-slow/
139,IBM's Watson will be used to make decisions about cancer care in 14 hospitals,Brakenshire,http://www.bbc.co.uk/news/technology-32607688
128,Group Currency,raldu,http://groupcurrency.org/
25,Reading Every Issue of the New Yorker,samclemens,https://notevenpast.org/reading-every-issue-of-the-new-yorker/
27,Keyboard Ghosting,denzil_correa,http://www.microsoft.com/appliedsciences/content/projects/AntiGhostingExplained.aspx
1,CodeNow (YC W14) Non-Profit Hiring a Director of Programs in #NYC,seashore,http://codenow.org/director-programs/
22,A Dynamic Programming Model for Baseball (2004),coloneltcb,http://footballcommentary.com/bbmodel.htm
37,D-Wave Lab Tour part 1,jonbaer,https://dwave.wordpress.com/2015/05/06/d-wave-lab-tour-part-1/
5,The Entrepreneur’s Guide to Connecting with Awesome Mentors,kanamekun,https://www.groovehq.com/blog/connecting-with-mentors
87,Java Mutation Testing,onderkalaci,http://pitest.org/
71,Max Levchin’s Affirm Raises $275M to Make Loans,elvinyung,http://recode.net/2015/05/06/max-levchins-affirm-raises-275-million-to-make-loans/
64,Lispworks 7.0 with Mobile (iOS Android) Runtime,deepaksurti,http://www.lispworks.com/products/lw4mr.html
5,Nintendo rides are coming to Universal's theme parks (Super Mario is real),dpflan,http://www.engadget.com/2015/05/07/nintendo-rides-are-coming-to-universals-theme-parks/
382,Call me maybe: Aerospike,joshrotenberg,https://aphyr.com/posts/324-call-me-maybe-aerospike
65,Project Panama: Interconnecting JVM and Native Code,amatheus,http://openjdk.java.net/projects/panama/
64,Valuation as a Scorecard,ghosh,http://avc.com/2015/05/valuation-as-a-scorecard/
6,Show HN: Buoy Boy our first iOS game,arturogarrido,http://buoyboygame.com/
52,Show HN: Onboarded – User Onboarding as a Service,ObserverEffect,https://www.getonboarded.com/?utm_source=hn
25,Problems with nil and how to avoid them,alisc,http://blog.ragnarson.com/2015/05/06/problems-with-nil.html
207,Three Tales of Second System Syndrome,cygx,http://blog.brentlaabs.com/2015/05/three-tales-of-second-system-syndrome.html
11,Deis announces Docker Swarm technology preview,gabrtv,http://deis.io/deis-1-6-docker-swarm-tech-preview/
3,Superfish Injects Ads in One in 25 Google Page Views,Errorcod3,http://www.itworld.com/article/2920015/superfish-injects-ads-in-one-in-25-google-page-views.html
3,Every Catastrophe Ever Devised Has Happened on This Fake Pacific Island,Errorcod3,http://motherboard.vice.com/read/every-catastrophe-ever-devised-has-happened-on-this-fake-pacific-island
49,World's Oldest Blood Found in Famed “Iceman” Mummy,Thevet,http://news.nationalgeographic.com/news/2012/05/120502-oldest-blood-otzi-iceman-mummy-oetzi-zink-science/
5,ZeroScript: This an Experiment – hintjens/zs,po,https://github.com/hintjens/zs/blob/master/README.md
31,Mechanism design,darkmighty,http://en.wikipedia.org/wiki/Mechanism_design
31,Using Rust to generate Mercurial short-hash collisions,jordigh,http://www.jandemooij.nl/blog/2015/05/05/using-rust-to-generate-mercurial-short-hash-collisions/
73,Pixie Pi,jonnybgood,http://stuarth.github.io/pixie/pixie-pi
26,The History of Sleep,diodorus,http://www.historytoday.com/katharine-craik/importance-good-nights-sleep
86,Launching a weather balloon a camera and a Raspberry Pi to the stratosphere,pinjiz,https://blog.pinterjann.is/?p=504
69,Creative computing with Clojure,michaelsbradley,http://radar.oreilly.com/2015/05/creative-computing-with-clojure.html
7,100000 Installs in the First Week. Give or Take 98000. Mostly Take,tl,https://dennisforbes.ca/index.php/2015/05/06/100000-installs-in-the-first-week-give-or-take-98000-mostly-take/
4,Introducing Tech.eu Radar an online database for all things European tech,robinwauters,http://tech.eu/inside/4369/on-the-radar/
41,How to Write a Rust Syntax Extension,neverminder,http://brodoyouevencode.com/posts/how-to-write-a-rust-syntax-extension/
13,The Failure of Agile,frostmatthew,http://blog.toolshed.com/2015/05/the-failure-of-agile.html
27,The Story of Frontier,elemeno,http://davewiner.userland.com/historyOfFrontier
16,Blade: A Data Center Garbage Collector [pdf],adamnemecek,http://arxiv.org/pdf/1504.02578.pdf
68,Why React Native Is Different,jlongster,http://jlongster.com/Why-React-Native-is-Different
102,The JustDecompile .NET decompiler engine has been open-sourced,jbevain,https://github.com/telerik/JustDecompileEngine
9,Ask HN: Good JavaScript single page applications to learn from,backslash_16,
9,Show HN: An analysis of the complete HN history with command line tools only,t_fatus,https://github.com/arnauddri/hn
10,A blind Google engineer explains how he writes code,aylons,http://www.businessinsider.com/how-blind-google-engineer-writes-code-2015-5
6,Working for The Man ain't so bad,acconrad,http://thinkfaster.co/2015/05/working-for-the-man-aint-so-bad
206,GitHub's down?,9point6,
3,Google I/O schedule,mikecb,https://events.google.com/io2015/schedule
5,A complete list of golang books ever,sajadshokri,https://github.com/dariubs/GoBooks
132,Rent-a-Foreigner in China,mtuncer,http://www.nytimes.com/2015/04/28/opinion/rent-a-foreigner-in-china.html
100,Microsoft Announces Azure Stack,simas,http://techcrunch.com/2015/05/04/microsoft-wants-to-bring-azure-to-your-data-center/
74,Simplify: move code into database functions,oskarth,https://sivers.org/pg
122,An introduction to JavaScript-based DDoS,hepha1979,https://blog.cloudflare.com/an-introduction-to-javascript-based-ddos/
79,Orson Welles one of history's great workaholics,dctoedt,http://www.vox.com/2015/5/6/8554571/orson-welles-work-ethic
6,Cancer Survivor Designs the Cards She Wishes She Received from Friends and Family,altern8,http://www.slate.com/blogs/the_eye/2015/05/06/empathy_cards_by_emily_mcdowell_are_greeting_cards_designed_for_cancer_patients.html
8,Meet the outsider who accidentally solved chronic homelessness,sergeant3,http://www.washingtonpost.com/news/inspired-life/wp/2015/05/06/meet-the-outsider-who-accidentally-solved-chronic-homelessness/
9,Show HN: 'p' – a simple but powerful Pomodoro tracker in pure Shell,chrismdp,https://github.com/chrismdp/p
170,The Secret Lives of Homeless Students,sarika008,https://medium.com/bright/the-secret-lives-of-homeless-students-a4b506ded525
186,How the NSA converts spoken words into searchable text,jbegley,https://firstlook.org/theintercept/2015/05/05/nsa-speech-recognition-snowden-searchable-text/
3,The Great Legacy Code Crisis of 2016,benjaminwootton,http://devops.com/blogs/great-legacy-code-crisis-2016/
58,Microwave Ovens Posing as Astronomical Objects,jonbaer,http://spectrum.ieee.org/tech-talk/aerospace/astrophysics/microwave-ovens-posing-as-astronomical-objects
24,A visualization of real estate prices on the finnish market. (in finnish),valtsu,http://kannattaakokauppa.fi
6,SpaceX just tested its new spacecraft. Elon Musk has big plans for it,dankohn1,http://www.vox.com/2015/5/6/8556401/spacex-pad-abort-test-watch-live
7,The Shaky Moral Compass of Silicon Valley,djug,http://www.nytimes.com/2015/05/07/style/the-shaky-moral-compass-of-silicon-valley.html
9,Stories We Can't See,pepys,http://www.nybooks.com/blogs/nyrblog/2015/may/05/stories-we-cant-see/
22,What a distributed version-controlled ARP cache gets you,mrry,http://www.somerandomidiot.com/blog/2015/04/24/what-a-distributed-version-controlled-ARP-cache-gets-you/
5,Hawaii Votes to Go 100% Renewable,sasvari,http://spectrum.ieee.org/energywise/energy/renewables/100-percent-renewable-hawaii-says-aloha
11,SSD Storage – Ignorance of Technology Is No Excuse,japhyr,https://blog.korelogic.com/blog/2015/03/24
12,How horizontal gene transfer shakes up evolution,jonbaer,http://aeon.co/magazine/science/how-horizontal-gene-transfer-changes-evolutionary-theory/
1,Aptible (YC S14) is looking for a freelance designer who codes,chasb,https://jobs.lever.co/aptible/1309c473-2db9-4adb-b3a1-5f335c1ffe66
897,Fractal Lab,yesbabyyes,http://sub.blue/fractal-lab
18,The identity underground,nols,http://passcode.csmonitor.com/identity-trade
4,Android M to be revealed at Google I/O 2015?,dstaheli,http://betanews.com/2015/05/06/android-m-to-be-revealed-may-28-at-google-io/
168,Berlin 1945 and Today,guruz,http://interaktiv.morgenpost.de/berlin-1945-2015/
18,A Proposal: An M-Book for Cities,StartupBuilder,https://medium.com/@dannysauter/a-proposal-an-m-book-for-cities-75767ffa0da5
326,Well We Failed – Wattage is shutting down,divy,https://medium.com/inside-wattage/well-we-failed-77e795e16ecf
9,The Seventy-Seven-Year-Old Tech Bro Who Wants to Fix Your Hearing,pmcpinto,http://www.newyorker.com/business/currency/the-seventy-seven-year-old-tech-bro-who-wants-to-fix-your-hearing
